A,B,C,D,E,F,G,H,I,J,K,L,M
2,1,0,1,5,7,3,3,0,--z3,--ir,--k-induction,--max-k-step 10 --k-step 1,7
2,1,0,1,5,7,3,3,0,--z3,--ir,--k-induction,--max-k-step 30 --k-step 2,7
2,1,0,1,5,7,3,3,0,--z3,--ir,--k-induction,--max-k-step 50 --k-step 4,7
2,1,0,1,5,7,3,3,0,--z3,--ir,--k-induction,--max-k-step 100 --k-step 8,7
2,1,0,1,5,7,3,3,0,--z3,--ir,--k-induction,--max-k-step 200 --k-step 16,7
2,1,0,1,5,7,3,3,0,--z3,--ir,--k-induction,--max-k-step 400 --k-step 32,7
2,1,0,1,5,7,3,3,0,--z3,--ir,--k-induction,--max-k-step 800 --k-step 64,7
2,1,0,1,5,7,3,3,0,--z3,--ir,--k-induction,--max-k-step 1600 --k-step 128,7
2,1,0,1,5,7,3,3,0,--z3,--ir,--falsification,NA,7
2,1,0,1,5,7,3,3,0,--z3,--ir,--incremental-bmc,--max-k-step 10 --k-step 1,7
2,1,0,1,5,7,3,3,0,--z3,--ir,--incremental-bmc,--max-k-step 30 --k-step 2,7
2,1,0,1,5,7,3,3,0,--z3,--ir,--incremental-bmc,--max-k-step 50 --k-step 4,7
2,1,0,1,5,7,3,3,0,--z3,--ir,--incremental-bmc,--max-k-step 100 --k-step 8,7
2,1,0,1,5,7,3,3,0,--z3,--ir,--incremental-bmc,--max-k-step 200 --k-step 16,7
2,1,0,1,5,7,3,3,0,--z3,--ir,--incremental-bmc,--max-k-step 400 --k-step 32,7
2,1,0,1,5,7,3,3,0,--z3,--ir,--incremental-bmc,--max-k-step 800 --k-step 64,7
2,1,0,1,5,7,3,3,0,--z3,--ir,--incremental-bmc,--max-k-step 1600 --k-step 128,7
2,1,0,1,5,7,3,3,0,--z3,--floatbv,--k-induction,--max-k-step 10 --k-step 1,1
2,1,0,1,5,7,3,3,0,--z3,--floatbv,--k-induction,--max-k-step 30 --k-step 2,1
2,1,0,1,5,7,3,3,0,--z3,--floatbv,--k-induction,--max-k-step 50 --k-step 4,1
2,1,0,1,5,7,3,3,0,--z3,--floatbv,--k-induction,--max-k-step 100 --k-step 8,1
2,1,0,1,5,7,3,3,0,--z3,--floatbv,--k-induction,--max-k-step 200 --k-step 16,1
2,1,0,1,5,7,3,3,0,--z3,--floatbv,--k-induction,--max-k-step 400 --k-step 32,1
2,1,0,1,5,7,3,3,0,--z3,--floatbv,--k-induction,--max-k-step 800 --k-step 64,1
2,1,0,1,5,7,3,3,0,--z3,--floatbv,--k-induction,--max-k-step 1600 --k-step 128,1
2,1,0,1,5,7,3,3,0,--z3,--floatbv,--falsification,NA,1
2,1,0,1,5,7,3,3,0,--z3,--floatbv,--incremental-bmc,--max-k-step 10 --k-step 1,1
2,1,0,1,5,7,3,3,0,--z3,--floatbv,--incremental-bmc,--max-k-step 30 --k-step 2,1
2,1,0,1,5,7,3,3,0,--z3,--floatbv,--incremental-bmc,--max-k-step 50 --k-step 4,1
2,1,0,1,5,7,3,3,0,--z3,--floatbv,--incremental-bmc,--max-k-step 100 --k-step 8,1
2,1,0,1,5,7,3,3,0,--z3,--floatbv,--incremental-bmc,--max-k-step 200 --k-step 16,1
2,1,0,1,5,7,3,3,0,--z3,--floatbv,--incremental-bmc,--max-k-step 400 --k-step 32,1
2,1,0,1,5,7,3,3,0,--z3,--floatbv,--incremental-bmc,--max-k-step 800 --k-step 64,1
2,1,0,1,5,7,3,3,0,--z3,--floatbv,--incremental-bmc,--max-k-step 1600 --k-step 128,1
2,1,0,1,5,7,3,3,0,--z3,--fixedbv,--k-induction,--max-k-step 10 --k-step 1,1
2,1,0,1,5,7,3,3,0,--z3,--fixedbv,--k-induction,--max-k-step 30 --k-step 2,1
2,1,0,1,5,7,3,3,0,--z3,--fixedbv,--k-induction,--max-k-step 50 --k-step 4,1
2,1,0,1,5,7,3,3,0,--z3,--fixedbv,--k-induction,--max-k-step 100 --k-step 8,1
2,1,0,1,5,7,3,3,0,--z3,--fixedbv,--k-induction,--max-k-step 200 --k-step 16,1
2,1,0,1,5,7,3,3,0,--z3,--fixedbv,--k-induction,--max-k-step 400 --k-step 32,1
2,1,0,1,5,7,3,3,0,--z3,--fixedbv,--k-induction,--max-k-step 800 --k-step 64,1
2,1,0,1,5,7,3,3,0,--z3,--fixedbv,--k-induction,--max-k-step 1600 --k-step 128,1
2,1,0,1,5,7,3,3,0,--z3,--fixedbv,--falsification,NA,1
2,1,0,1,5,7,3,3,0,--z3,--fixedbv,--incremental-bmc,--max-k-step 10 --k-step 1,1
2,1,0,1,5,7,3,3,0,--z3,--fixedbv,--incremental-bmc,--max-k-step 30 --k-step 2,1
2,1,0,1,5,7,3,3,0,--z3,--fixedbv,--incremental-bmc,--max-k-step 50 --k-step 4,1
2,1,0,1,5,7,3,3,0,--z3,--fixedbv,--incremental-bmc,--max-k-step 100 --k-step 8,1
2,1,0,1,5,7,3,3,0,--z3,--fixedbv,--incremental-bmc,--max-k-step 200 --k-step 16,1
2,1,0,1,5,7,3,3,0,--z3,--fixedbv,--incremental-bmc,--max-k-step 400 --k-step 32,1
2,1,0,1,5,7,3,3,0,--z3,--fixedbv,--incremental-bmc,--max-k-step 800 --k-step 64,1
2,1,0,1,5,7,3,3,0,--z3,--fixedbv,--incremental-bmc,--max-k-step 1600 --k-step 128,1
2,1,0,1,5,7,3,3,0,--boolector,--ir,--falsification,NA,7
2,1,0,1,5,7,3,3,0,--boolector,--floatbv,--k-induction,--max-k-step 10 --k-step 1,1
2,1,0,1,5,7,3,3,0,--boolector,--floatbv,--k-induction,--max-k-step 30 --k-step 2,1
2,1,0,1,5,7,3,3,0,--boolector,--floatbv,--k-induction,--max-k-step 50 --k-step 4,1
2,1,0,1,5,7,3,3,0,--boolector,--floatbv,--k-induction,--max-k-step 100 --k-step 8,1
2,1,0,1,5,7,3,3,0,--boolector,--floatbv,--k-induction,--max-k-step 200 --k-step 16,1
2,1,0,1,5,7,3,3,0,--boolector,--floatbv,--k-induction,--max-k-step 400 --k-step 32,1
2,1,0,1,5,7,3,3,0,--boolector,--floatbv,--k-induction,--max-k-step 800 --k-step 64,1
2,1,0,1,5,7,3,3,0,--boolector,--floatbv,--k-induction,--max-k-step 1600 --k-step 128,1
2,1,0,1,5,7,3,3,0,--boolector,--floatbv,--falsification,NA,1
2,1,0,1,5,7,3,3,0,--boolector,--floatbv,--incremental-bmc,--max-k-step 10 --k-step 1,1
2,1,0,1,5,7,3,3,0,--boolector,--floatbv,--incremental-bmc,--max-k-step 30 --k-step 2,1
2,1,0,1,5,7,3,3,0,--boolector,--floatbv,--incremental-bmc,--max-k-step 50 --k-step 4,1
2,1,0,1,5,7,3,3,0,--boolector,--floatbv,--incremental-bmc,--max-k-step 100 --k-step 8,1
2,1,0,1,5,7,3,3,0,--boolector,--floatbv,--incremental-bmc,--max-k-step 200 --k-step 16,1
2,1,0,1,5,7,3,3,0,--boolector,--floatbv,--incremental-bmc,--max-k-step 400 --k-step 32,1
2,1,0,1,5,7,3,3,0,--boolector,--floatbv,--incremental-bmc,--max-k-step 800 --k-step 64,1
2,1,0,1,5,7,3,3,0,--boolector,--floatbv,--incremental-bmc,--max-k-step 1600 --k-step 128,1
2,1,0,1,5,7,3,3,0,--boolector,--fixedbv,--k-induction,--max-k-step 10 --k-step 1,1
2,1,0,1,5,7,3,3,0,--boolector,--fixedbv,--k-induction,--max-k-step 30 --k-step 2,1
2,1,0,1,5,7,3,3,0,--boolector,--fixedbv,--k-induction,--max-k-step 50 --k-step 4,1
2,1,0,1,5,7,3,3,0,--boolector,--fixedbv,--k-induction,--max-k-step 100 --k-step 8,1
2,1,0,1,5,7,3,3,0,--boolector,--fixedbv,--k-induction,--max-k-step 200 --k-step 16,1
2,1,0,1,5,7,3,3,0,--boolector,--fixedbv,--k-induction,--max-k-step 400 --k-step 32,1
2,1,0,1,5,7,3,3,0,--boolector,--fixedbv,--k-induction,--max-k-step 800 --k-step 64,1
2,1,0,1,5,7,3,3,0,--boolector,--fixedbv,--k-induction,--max-k-step 1600 --k-step 128,1
2,1,0,1,5,7,3,3,0,--boolector,--fixedbv,--falsification,NA,1
2,1,0,1,5,7,3,3,0,--boolector,--fixedbv,--incremental-bmc,--max-k-step 10 --k-step 1,1
2,1,0,1,5,7,3,3,0,--boolector,--fixedbv,--incremental-bmc,--max-k-step 30 --k-step 2,1
2,1,0,1,5,7,3,3,0,--boolector,--fixedbv,--incremental-bmc,--max-k-step 50 --k-step 4,1
2,1,0,1,5,7,3,3,0,--boolector,--fixedbv,--incremental-bmc,--max-k-step 100 --k-step 8,1
2,1,0,1,5,7,3,3,0,--boolector,--fixedbv,--incremental-bmc,--max-k-step 200 --k-step 16,1
2,1,0,1,5,7,3,3,0,--boolector,--fixedbv,--incremental-bmc,--max-k-step 400 --k-step 32,1
2,1,0,1,5,7,3,3,0,--boolector,--fixedbv,--incremental-bmc,--max-k-step 800 --k-step 64,1
2,1,0,1,5,7,3,3,0,--boolector,--fixedbv,--incremental-bmc,--max-k-step 1600 --k-step 128,1
2,1,0,1,5,7,3,3,0,--yices,--ir,--k-induction,--max-k-step 10 --k-step 1,7
2,1,0,1,5,7,3,3,0,--yices,--ir,--k-induction,--max-k-step 30 --k-step 2,7
2,1,0,1,5,7,3,3,0,--yices,--ir,--k-induction,--max-k-step 50 --k-step 4,7
2,1,0,1,5,7,3,3,0,--yices,--ir,--k-induction,--max-k-step 100 --k-step 8,7
2,1,0,1,5,7,3,3,0,--yices,--ir,--k-induction,--max-k-step 200 --k-step 16,7
2,1,0,1,5,7,3,3,0,--yices,--ir,--k-induction,--max-k-step 400 --k-step 32,7
2,1,0,1,5,7,3,3,0,--yices,--ir,--k-induction,--max-k-step 800 --k-step 64,7
2,1,0,1,5,7,3,3,0,--yices,--ir,--k-induction,--max-k-step 1600 --k-step 128,7
2,1,0,1,5,7,3,3,0,--yices,--ir,--falsification,NA,7
2,1,0,1,5,7,3,3,0,--yices,--ir,--incremental-bmc,--max-k-step 10 --k-step 1,7
2,1,0,1,5,7,3,3,0,--yices,--ir,--incremental-bmc,--max-k-step 30 --k-step 2,7
2,1,0,1,5,7,3,3,0,--yices,--ir,--incremental-bmc,--max-k-step 50 --k-step 4,7
2,1,0,1,5,7,3,3,0,--yices,--ir,--incremental-bmc,--max-k-step 100 --k-step 8,7
2,1,0,1,5,7,3,3,0,--yices,--ir,--incremental-bmc,--max-k-step 200 --k-step 16,7
2,1,0,1,5,7,3,3,0,--yices,--ir,--incremental-bmc,--max-k-step 400 --k-step 32,7
2,1,0,1,5,7,3,3,0,--yices,--ir,--incremental-bmc,--max-k-step 800 --k-step 64,7
2,1,0,1,5,7,3,3,0,--yices,--ir,--incremental-bmc,--max-k-step 1600 --k-step 128,7
2,1,0,1,5,7,3,3,0,--yices,--floatbv,--k-induction,--max-k-step 10 --k-step 1,1
2,1,0,1,5,7,3,3,0,--yices,--floatbv,--k-induction,--max-k-step 30 --k-step 2,1
2,1,0,1,5,7,3,3,0,--yices,--floatbv,--k-induction,--max-k-step 50 --k-step 4,1
2,1,0,1,5,7,3,3,0,--yices,--floatbv,--k-induction,--max-k-step 100 --k-step 8,1
2,1,0,1,5,7,3,3,0,--yices,--floatbv,--k-induction,--max-k-step 200 --k-step 16,1
2,1,0,1,5,7,3,3,0,--yices,--floatbv,--k-induction,--max-k-step 400 --k-step 32,1
2,1,0,1,5,7,3,3,0,--yices,--floatbv,--k-induction,--max-k-step 800 --k-step 64,1
2,1,0,1,5,7,3,3,0,--yices,--floatbv,--k-induction,--max-k-step 1600 --k-step 128,1
2,1,0,1,5,7,3,3,0,--yices,--floatbv,--falsification,NA,1
2,1,0,1,5,7,3,3,0,--yices,--floatbv,--incremental-bmc,--max-k-step 10 --k-step 1,1
2,1,0,1,5,7,3,3,0,--yices,--floatbv,--incremental-bmc,--max-k-step 30 --k-step 2,1
2,1,0,1,5,7,3,3,0,--yices,--floatbv,--incremental-bmc,--max-k-step 50 --k-step 4,1
2,1,0,1,5,7,3,3,0,--yices,--floatbv,--incremental-bmc,--max-k-step 100 --k-step 8,1
2,1,0,1,5,7,3,3,0,--yices,--floatbv,--incremental-bmc,--max-k-step 200 --k-step 16,1
2,1,0,1,5,7,3,3,0,--yices,--floatbv,--incremental-bmc,--max-k-step 400 --k-step 32,1
2,1,0,1,5,7,3,3,0,--yices,--floatbv,--incremental-bmc,--max-k-step 800 --k-step 64,1
2,1,0,1,5,7,3,3,0,--yices,--floatbv,--incremental-bmc,--max-k-step 1600 --k-step 128,1
2,1,0,1,5,7,3,3,0,--yices,--fixedbv,--k-induction,--max-k-step 10 --k-step 1,1
2,1,0,1,5,7,3,3,0,--yices,--fixedbv,--k-induction,--max-k-step 30 --k-step 2,1
2,1,0,1,5,7,3,3,0,--yices,--fixedbv,--k-induction,--max-k-step 50 --k-step 4,1
2,1,0,1,5,7,3,3,0,--yices,--fixedbv,--k-induction,--max-k-step 100 --k-step 8,1
2,1,0,1,5,7,3,3,0,--yices,--fixedbv,--k-induction,--max-k-step 200 --k-step 16,1
2,1,0,1,5,7,3,3,0,--yices,--fixedbv,--k-induction,--max-k-step 400 --k-step 32,1
2,1,0,1,5,7,3,3,0,--yices,--fixedbv,--k-induction,--max-k-step 800 --k-step 64,1
2,1,0,1,5,7,3,3,0,--yices,--fixedbv,--k-induction,--max-k-step 1600 --k-step 128,1
2,1,0,1,5,7,3,3,0,--yices,--fixedbv,--falsification,NA,1
2,1,0,1,5,7,3,3,0,--yices,--fixedbv,--incremental-bmc,--max-k-step 10 --k-step 1,1
2,1,0,1,5,7,3,3,0,--yices,--fixedbv,--incremental-bmc,--max-k-step 30 --k-step 2,1
2,1,0,1,5,7,3,3,0,--yices,--fixedbv,--incremental-bmc,--max-k-step 50 --k-step 4,1
2,1,0,1,5,7,3,3,0,--yices,--fixedbv,--incremental-bmc,--max-k-step 100 --k-step 8,1
2,1,0,1,5,7,3,3,0,--yices,--fixedbv,--incremental-bmc,--max-k-step 200 --k-step 16,1
2,1,0,1,5,7,3,3,0,--yices,--fixedbv,--incremental-bmc,--max-k-step 400 --k-step 32,1
2,1,0,1,5,7,3,3,0,--yices,--fixedbv,--incremental-bmc,--max-k-step 800 --k-step 64,1
2,1,0,1,5,7,3,3,0,--yices,--fixedbv,--incremental-bmc,--max-k-step 1600 --k-step 128,1
2,1,0,1,5,7,3,3,0,--mathsat,--ir,--k-induction,--max-k-step 10 --k-step 1,7
2,1,0,1,5,7,3,3,0,--mathsat,--ir,--k-induction,--max-k-step 30 --k-step 2,7
2,1,0,1,5,7,3,3,0,--mathsat,--ir,--k-induction,--max-k-step 50 --k-step 4,7
2,1,0,1,5,7,3,3,0,--mathsat,--ir,--k-induction,--max-k-step 100 --k-step 8,7
2,1,0,1,5,7,3,3,0,--mathsat,--ir,--k-induction,--max-k-step 200 --k-step 16,7
2,1,0,1,5,7,3,3,0,--mathsat,--ir,--k-induction,--max-k-step 400 --k-step 32,7
2,1,0,1,5,7,3,3,0,--mathsat,--ir,--k-induction,--max-k-step 800 --k-step 64,7
2,1,0,1,5,7,3,3,0,--mathsat,--ir,--k-induction,--max-k-step 1600 --k-step 128,7
2,1,0,1,5,7,3,3,0,--mathsat,--ir,--falsification,NA,7
2,1,0,1,5,7,3,3,0,--mathsat,--ir,--incremental-bmc,--max-k-step 10 --k-step 1,7
2,1,0,1,5,7,3,3,0,--mathsat,--ir,--incremental-bmc,--max-k-step 30 --k-step 2,7
2,1,0,1,5,7,3,3,0,--mathsat,--ir,--incremental-bmc,--max-k-step 50 --k-step 4,7
2,1,0,1,5,7,3,3,0,--mathsat,--ir,--incremental-bmc,--max-k-step 100 --k-step 8,7
2,1,0,1,5,7,3,3,0,--mathsat,--ir,--incremental-bmc,--max-k-step 200 --k-step 16,7
2,1,0,1,5,7,3,3,0,--mathsat,--ir,--incremental-bmc,--max-k-step 400 --k-step 32,7
2,1,0,1,5,7,3,3,0,--mathsat,--ir,--incremental-bmc,--max-k-step 800 --k-step 64,7
2,1,0,1,5,7,3,3,0,--mathsat,--ir,--incremental-bmc,--max-k-step 1600 --k-step 128,7
2,1,0,1,5,7,3,3,0,--mathsat,--floatbv,--k-induction,--max-k-step 10 --k-step 1,1
2,1,0,1,5,7,3,3,0,--mathsat,--floatbv,--k-induction,--max-k-step 30 --k-step 2,1
2,1,0,1,5,7,3,3,0,--mathsat,--floatbv,--k-induction,--max-k-step 50 --k-step 4,1
2,1,0,1,5,7,3,3,0,--mathsat,--floatbv,--k-induction,--max-k-step 100 --k-step 8,1
2,1,0,1,5,7,3,3,0,--mathsat,--floatbv,--k-induction,--max-k-step 200 --k-step 16,1
2,1,0,1,5,7,3,3,0,--mathsat,--floatbv,--k-induction,--max-k-step 400 --k-step 32,1
2,1,0,1,5,7,3,3,0,--mathsat,--floatbv,--k-induction,--max-k-step 800 --k-step 64,1
2,1,0,1,5,7,3,3,0,--mathsat,--floatbv,--k-induction,--max-k-step 1600 --k-step 128,1
2,1,0,1,5,7,3,3,0,--mathsat,--floatbv,--falsification,NA,1
2,1,0,1,5,7,3,3,0,--mathsat,--floatbv,--incremental-bmc,--max-k-step 10 --k-step 1,1
2,1,0,1,5,7,3,3,0,--mathsat,--floatbv,--incremental-bmc,--max-k-step 30 --k-step 2,1
2,1,0,1,5,7,3,3,0,--mathsat,--floatbv,--incremental-bmc,--max-k-step 50 --k-step 4,1
2,1,0,1,5,7,3,3,0,--mathsat,--floatbv,--incremental-bmc,--max-k-step 100 --k-step 8,1
2,1,0,1,5,7,3,3,0,--mathsat,--floatbv,--incremental-bmc,--max-k-step 200 --k-step 16,1
2,1,0,1,5,7,3,3,0,--mathsat,--floatbv,--incremental-bmc,--max-k-step 400 --k-step 32,1
2,1,0,1,5,7,3,3,0,--mathsat,--floatbv,--incremental-bmc,--max-k-step 800 --k-step 64,1
2,1,0,1,5,7,3,3,0,--mathsat,--floatbv,--incremental-bmc,--max-k-step 1600 --k-step 128,1
2,1,0,1,5,7,3,3,0,--mathsat,--fixedbv,--k-induction,--max-k-step 10 --k-step 1,1
2,1,0,1,5,7,3,3,0,--mathsat,--fixedbv,--k-induction,--max-k-step 30 --k-step 2,1
2,1,0,1,5,7,3,3,0,--mathsat,--fixedbv,--k-induction,--max-k-step 50 --k-step 4,1
2,1,0,1,5,7,3,3,0,--mathsat,--fixedbv,--k-induction,--max-k-step 100 --k-step 8,1
2,1,0,1,5,7,3,3,0,--mathsat,--fixedbv,--k-induction,--max-k-step 200 --k-step 16,1
2,1,0,1,5,7,3,3,0,--mathsat,--fixedbv,--k-induction,--max-k-step 400 --k-step 32,1
2,1,0,1,5,7,3,3,0,--mathsat,--fixedbv,--k-induction,--max-k-step 800 --k-step 64,1
2,1,0,1,5,7,3,3,0,--mathsat,--fixedbv,--k-induction,--max-k-step 1600 --k-step 128,1
2,1,0,1,5,7,3,3,0,--mathsat,--fixedbv,--falsification,NA,1
2,1,0,1,5,7,3,3,0,--mathsat,--fixedbv,--incremental-bmc,--max-k-step 10 --k-step 1,1
2,1,0,1,5,7,3,3,0,--mathsat,--fixedbv,--incremental-bmc,--max-k-step 30 --k-step 2,1
2,1,0,1,5,7,3,3,0,--mathsat,--fixedbv,--incremental-bmc,--max-k-step 50 --k-step 4,1
2,1,0,1,5,7,3,3,0,--mathsat,--fixedbv,--incremental-bmc,--max-k-step 100 --k-step 8,1
2,1,0,1,5,7,3,3,0,--mathsat,--fixedbv,--incremental-bmc,--max-k-step 200 --k-step 16,1
2,1,0,1,5,7,3,3,0,--mathsat,--fixedbv,--incremental-bmc,--max-k-step 400 --k-step 32,1
2,1,0,1,5,7,3,3,0,--mathsat,--fixedbv,--incremental-bmc,--max-k-step 800 --k-step 64,1
2,1,0,1,5,7,3,3,0,--mathsat,--fixedbv,--incremental-bmc,--max-k-step 1600 --k-step 128,1
